External ID,contig_count,largest_contig,total_length,gc_content,N50,L50
CSM5MCXD,50589,422288,50150875,47.64,1375,4619
CSM5MCYS,46755,304367,64234112,46.63,3342,2473
CSM79HG5,20987,422290,39064716,45.26,11057,499
CSM67U9J,39424,422289,42369036,46.12,2061,2251
CSM67UGC,15118,238238,14834816,48.01,1216,1996
CSM67UBR,12191,180058,30208111,44.82,8207,742
CSM5MCVL,23573,181692,37304802,46.35,17067,462
CSM67UBH,23412,555500,51715953,45.55,18919,556
CSM79HJW,10380,326121,39156305,46.31,36768,264
CSM67UBF,22737,173121,37042487,45.65,4438,1419
CSM5FZ4M,26976,322343,46599858,46.55,10347,725
CSM5MCWQ,48302,335354,56695578,47.71,2139,2807
CSM67UBX,46087,325970,55406231,46.34,2937,2287
CSM79HLM,37220,335623,49196400,46.11,3367,1668
CSM67UBZ,39864,326128,64360594,46.61,5377,1830
CSM67UDJ,37465,226415,47913137,45.9,5254,1186
CSM79HLA,75692,270202,90243699,47.28,2091,6088
CSM67UDR,26839,178772,33916502,45.87,3047,1444
CSM5MCXN,48757,311535,62036283,47.55,4003,1817
CSM79HLE,30757,242757,38384483,44.35,2334,1831
CSM5MCY4,29570,266613,54476142,46.99,7323,1245
CSM5MCY8,46717,386482,69765406,47.25,12341,639
CSM67UEA,67564,188062,67258983,47.61,1496,5844
CSM67UE7,48550,354257,62919352,45.82,2688,3236
CSM67UE3,43044,243786,66245074,46.08,5177,2228
CSM5MCX3,77830,315043,84893206,45.79,1723,8788
CSM79HMP,69414,117213,65339290,45.34,1304,8752
CSM67UFZ,50959,427104,69630534,46.02,2638,3943
CSM79HMN,59333,163172,51846807,46.48,1110,6499
CSM67UG8,70709,334156,84928146,46.42,2068,6482
CSM79HKT,30025,667196,34062158,51.74,2140,2128
CSM5MCZ3,62279,668400,63701168,48.5,1477,7319
CSM5MCZ7,41903,668399,37386896,48.37,1058,4263
CSM79HQ9,28206,477611,28410532,49.03,1487,2030
CSM79HQF,30038,596099,26901670,48.59,1085,2811
CSM7KOJO,28831,1048689,48679807,45.67,6601,817
CSM79HIB,29036,436231,51454074,45.05,8333,621
CSM5MCWC,22473,828070,33527414,44.08,5249,739
CSM5MCWG,14475,322174,19807895,52.83,3065,342
CSM79HI3,24994,1160286,60511640,45.87,7392,1428
CSM7KOLE,52485,249557,43562107,46.37,958,8048
CSM7KOLA,79553,289403,87048508,46.54,1679,7559
CSM79HK9,67563,182272,67209525,45.84,1410,7846
CSM79HOF,61763,190667,57018419,46.65,1274,7290
CSM79HKB,60539,249557,61272129,46.32,1485,7631
CSM67UEW_TR,48579,95296,41006634,49.5,1062,8469
CSM67UF1,50995,192918,51347901,44.94,1483,5400
CSM79HM1,46960,435766,61934486,45.11,3360,2274
CSM79HM7,59469,437844,71820540,45.09,2461,3434
CSM67UF5,43932,36097,37857003,44.7,1143,6388
CSM5MCZF,52546,473746,54080004,47.01,1596,4645
CSM5MCZB,41837,255251,56501465,46.21,4839,1264
CSM67UGO,43670,118467,40392388,45.86,1165,4444
CSM7KON8,54486,278817,61827721,47.43,1904,5059
CSM7KOMZ,45237,244086,43376112,47.53,1299,5263
CSM67U9N,14879,9619,7159400,43.45,464,5080
CSM79HGF,46435,47598,32026544,46.29,729,10155
CSM79HPO,3247,42136,1587564,43.35,470,1080
CSM67U9H,16434,143704,15925089,44.46,2521,692
CSM79HPS,46905,80914,42767519,45.84,1230,6708
CSM67UAQ,16739,388779,41081148,43.38,41678,216
CSM7KOJU,23595,456031,39627791,44.63,7455,628
CSM79HID,25432,413156,50872604,43.57,17939,431
CSM7KOPK,36240,443859,50522686,45.21,2610,2494
CSM67UAM,28124,413156,47472507,43.77,17833,420
CSM7KOKD,28873,356009,60100789,46.31,7125,1298
CSM7KOK3,8627,21264,4541814,47.0,507,2612
CSM79HIZ,45534,297190,63003100,47.0,3490,2648
CSM7KOKB,24733,169022,39889852,45.5,4221,1622
CSM7KOPS,47508,289099,67307100,46.43,3878,2355
CSM7KOR2,41272,183437,56628247,45.05,4106,2150
CSM7KOKF,51053,184735,64558406,44.8,3235,2565
CSM67UBB,18424,364702,34482002,46.63,8939,624
CSM7KOKJ,43345,191517,47047781,45.35,1608,4075
CSM67UB9,18552,523779,35356298,46.79,31194,207
CSM79HN6,63639,343550,67468521,47.87,1893,3585
CSM7KOSV,59090,585489,81073142,47.22,3719,2584
CSM7KOSX,65410,478753,75360461,48.17,2380,4369
CSM79HN2,88435,954955,107300559,47.75,2371,6439
CSM7KOLK,66902,358567,71615170,46.33,1820,4604
CSM79HP4,55983,261102,58757520,47.81,1664,4890
CSM7KOOH,44625,428479,66866077,47.02,5069,1855
CSM67UH7,46465,379444,52505544,45.62,2393,3560
CSM79HP6,71242,273501,85296532,46.53,2169,5989
CSMAG78W,37967,742123,55448407,47.53,4106,1686
CSM79HH8,57750,153979,60445575,47.76,1793,5106
CSM79HHA,43275,343354,49380214,46.3,2516,2267
CSM7KONK,33556,164046,38754366,44.65,2427,2286
CSM79HPA,47370,134064,58566211,45.45,2125,4472
CSM7KOTA,32161,128869,40381907,44.18,2771,1905
CSM7KOOX,35143,173080,43983638,44.69,3537,1742
CSM79HJM,46105,199291,57553420,47.03,2516,3279
CSMAH393,33979,236099,47235257,46.15,9265,738
CSM79HJQ,1624,24878,822200,41.8,448,468
CSM79HR6,17688,259267,32803377,45.9,5253,906
CSM7KOL2,54216,264177,69394926,45.8,2740,3453
CSM7KORC,44840,147049,49273988,45.0,1690,4831
CSM7KORI,28133,249310,48538228,43.47,7273,1002
CSM7KOKT,29110,442750,47168809,44.96,6398,1076
CSM7KOKR,41985,507581,62366756,46.26,4404,1882
CSM7KOLY,42281,391977,65771914,46.04,8403,908
CSM9X1Y5,57185,391655,76329394,46.37,2809,4294
CSM79HNK,28556,391810,43962899,46.35,6624,702
CSM7KOS7,74154,469783,81488049,48.83,1798,6398
CSM79HNM,54377,393604,80061125,46.61,3566,2984
CSM7KOMB,39643,225701,47092756,44.66,3120,1264
CSM7KOSP,19830,617188,30296784,44.87,4652,644
CSM7KOMH,20221,381075,28917855,45.27,3602,496
CSM7KOST,21418,299518,31273907,44.07,7966,409
CSM79HNU,10019,381075,17036022,44.53,46148,87
CSM7KOOF,43574,481392,53288517,47.67,2278,2918
CSM79HRC,48289,481297,57364141,48.46,2774,1938
CSM7KOO5,25980,481297,37274371,45.92,7408,474
CSM79HR8,11499,71078,15746897,43.45,2663,1091
CSM9X1ZC,33059,419493,40932044,44.94,2841,1553
CSM9X22K,50983,346667,72652519,47.69,3922,2472
CSM9X22G,69206,362943,88739118,46.4,2939,3449
CSM7KOP6,52468,267864,70678283,46.13,3420,3022
CSM9X22I,78463,346667,102170780,47.4,2937,4153
CSM7KOPE,44587,336437,71016826,45.51,6760,1287
CSM7KORO,34686,162474,32159775,45.67,1207,4983
CSM7KORM,54035,237143,60026245,46.3,1991,4582
CSM9X21N,38511,182602,60800785,45.75,3853,2480
CSM9X21J,36866,130940,60108128,44.61,7710,1405
CSM7KORS,37072,168944,59248418,45.26,4873,2211
CSM9X21R,33843,186437,50217238,46.6,9039,971
CSM7KOTQ,45950,213425,54930192,47.13,2508,3140
CSM9X233,43005,146159,53547300,49.86,2432,3582
CSM9X1YV,38036,178209,56305860,47.15,6684,1523
CSM7KOTO,29552,178230,43890714,45.38,5765,1267
CSM9X22S,51811,260230,64523432,45.16,2254,4343
CSM9X215,37172,273638,63908635,44.8,7547,1195
CSM9X23N,32744,260230,49647273,45.78,3955,1661
CSM7KOUN,32807,161353,57334976,46.1,7062,1296
CSM9X211,64059,182700,82524244,45.69,2921,3746
ESM5MEBE,31093,226784,41806935,46.15,3139,2131
ESM5MEBI,36751,226784,56605560,45.6,4799,1729
ESM5MECQ,37883,226784,55150002,46.31,3369,2505
ESM5MEBG,36056,234755,46196036,46.53,2240,3190
ESM5GEXY,31730,191472,39463030,47.09,2489,2336
ESM5MEC3,66781,287837,67691911,46.44,1433,8682
ESM718SY,55984,347881,67110791,45.64,2330,4643
ESM5MEC9,13452,412865,39570992,46.08,24514,314
ESM5MEDU,53626,202601,59482176,43.99,1881,5549
ESM5MEC5,43640,312552,44393556,43.86,1398,5344
ESM7F5CB,45245,445774,58498827,44.72,2324,3241
ESM5MEDK,49825,286309,68146891,48.44,3677,2258
ESM5MEDF,57225,219551,56084509,46.11,1495,5685
ESM7F5AM,63120,444779,76246248,46.41,2280,3279
ESM7F5AK,51910,507924,62056734,45.98,2479,2933
ESM718T7,50083,131122,51356186,48.33,1821,4549
ESM718TK,23654,90236,28884395,48.1,3196,1412
ESM5MED2,71876,96420,59952637,48.4,1028,11431
ESM718TF,32003,139433,34448181,48.01,2035,2731
ESM9IEP1,40183,96351,35103724,50.12,1121,5008
HSM5MD53,23088,423507,50496460,47.31,16289,467
HSM7CZ14,14105,333462,23540998,46.71,13658,211
HSM6XRSI,10417,260976,17284263,48.56,19490,157
HSM7CYZT,9969,251580,18060414,43.3,27140,134
HSM5MD4Y,35848,316772,36161653,48.11,1717,2774
HSM5MD7U,26245,276787,39088766,46.42,4582,1168
HSM7CYX6,59756,528185,78393747,45.26,2530,3496
HSM67VEC,15634,528340,18453472,49.62,8992,231
HSM7CYXA,46538,490666,53828656,45.46,2500,2684
HSM7CYX2,56951,308144,78420541,46.78,3420,3196
HSM5MD4O,38886,185415,62445529,46.35,4224,2616
HSM6XRST,40362,153489,70003888,46.65,6989,1806
HSM5MD4N,39369,130413,54760447,46.51,5400,1620
HSM7CYXS,30268,133767,54545847,45.58,6017,1805
HSM67VHQ,26900,135647,49888060,45.16,7283,1269
HSM67VG8,60771,512419,78107045,47.29,3213,2791
HSM67VFX,65326,241185,62621557,46.45,1353,7157
HSM67VFZ,60910,273732,81857755,47.73,2889,3603
HSM5MD5B,71087,274542,87093302,46.82,3061,3573
HSM5MD5D,66211,206945,78293323,48.26,2077,6093
HSM67VGA,43016,152874,50840084,47.01,1864,5004
HSM6XRTG,36078,334696,34792979,46.14,1433,3177
HSM67VGK,27597,334696,37967970,45.58,4355,1519
HSM67VGK_TR,30121,334696,42178436,45.2,5525,1165
HSM67VGG,58438,243891,63407128,48.97,1878,4117
HSM6XRTS,55729,463682,66060615,45.98,2469,3663
HSM6XRTQ,22164,43755,18756713,51.17,1123,3784
HSM5MD3Y,34297,96648,27784513,44.64,976,5286
HSM67VGY,65377,463155,79821979,46.97,2933,4074
HSM6XRTO,60774,456589,69180127,46.91,2095,3436
HSM5MD6K,33637,303605,51488724,49.76,4353,1948
HSM6XRVK,36429,187861,49868871,46.43,3755,2265
HSM7J4QZ,58954,213563,74607802,47.65,2924,4454
HSM6XRVC_TR,27016,324929,48094980,48.5,7548,916
HSM7J4R2,55860,303605,63671652,48.78,2167,3931
HSM5MD6A,36725,287730,51563061,44.34,3889,1865
HSM6XRVU,42307,541800,46661999,48.02,1903,3498
HSM6XRVW,38423,287730,58084520,44.98,5723,1278
HSM6XRVO,29651,287730,34001721,47.78,2040,1809
HSM6XRS2,20832,541566,16887397,45.39,977,3489
HSM5MD75,8806,17282,6379386,47.6,843,1906
HSM5MD73,64010,219279,83159472,46.32,2333,6155
HSM7CYZF,23447,84249,23181872,44.49,1446,3132
HSM7J4QJ,12,944,4957,38.63,369,5
HSM7CYZB,10839,518669,25700449,46.26,5611,624
HSM7J4KO,23534,337004,39534727,44.72,5864,904
HSM7CYXI,15364,171788,21081984,43.88,2482,1505
HSM7CYXG,22821,358937,39727043,45.53,11079,651
HSM7CYXE,16898,277540,34184580,43.63,31796,247
HSM5MD6Q,26867,411379,44325468,46.5,7467,855
HSM6XRQM,40141,241829,56973602,46.07,4388,1760
HSM7CYY3,13572,321245,39776379,45.84,48708,194
HSM67VFH,17114,181058,28444808,45.91,18348,285
HSM67VFJ,10950,418244,43022164,46.34,22538,351
HSM6XRQO,35056,155339,44296185,44.11,3364,1783
HSM67VFR,12024,470304,29647192,43.85,44244,145
HSM7J4LH,1,565,565,68.5,565,1
HSM7CYYH,20141,300165,48776949,43.13,19575,482
HSM6XRQY,12924,358778,32359595,43.61,17046,351
HSM6XRQS,11486,401553,36548764,43.57,27641,284
HSM7J4M6,40989,117168,48416218,48.61,2132,3983
HSM6XRV6,52161,188203,72520933,47.41,4730,2116
HSM7J4PK,180,1893,89954,40.89,526,54
HSM6XRV4,47743,156224,68984025,46.21,5679,1916
HSM6XRR7,53427,244121,50648222,49.81,1417,5956
HSM6XRUV,28749,305673,59184293,46.74,10144,889
HSM67VD2,23570,383825,56806294,45.71,12734,723
HSM7J4PQ,30432,361076,51511375,46.03,7310,883
HSM67VD4,20269,425439,35416221,46.34,7894,586
HSM7J4IR,47583,354952,70288931,46.32,3044,3559
HSM67VEU,48165,324327,71309415,47.14,6091,1544
HSM7J4RE,59842,306899,72413561,47.6,2488,3874
HSM7J4G8,58568,461161,65676509,46.65,2107,4303
HSM67VEQ,69900,320096,72751459,47.7,1511,7652
HSM7CYZR,64643,326648,83504681,48.38,2557,5260
HSM7J4HA,43915,261592,43649736,48.07,1649,3235
HSM6XRUR,22953,145631,24967427,46.0,2197,1429
HSM7CZ1E,20000,125593,26388397,45.65,5043,821
HSM7J4KG,36251,187130,41486971,46.01,2230,2725
HSM7J4HI,62938,153674,64043666,47.25,1585,5615
HSM7J4I5,51286,281665,66072721,48.1,2778,3164
HSM67VIB,50406,258647,67520250,46.71,2786,2808
HSM7J4O7,66032,261579,99662677,46.84,3872,4138
HSM7J4HW,54995,328806,76006220,47.99,3193,3346
HSM7CZ28,52359,257366,70978521,46.67,2574,4380
HSM7J4NE,50837,129310,46478812,46.25,1156,6774
HSMA33O1,24354,94102,17808320,46.16,733,3517
HSM7CZ1Z,57733,352822,67352420,45.6,2526,2885
HSM7J4NM,72729,274827,86802266,46.65,2060,7024
HSM7J4NC,49151,238094,63059432,46.42,2564,2764
HSM7J4GD,40267,165707,54208451,44.74,2906,2788
HSM7J4N4,61318,165707,55627102,45.47,1152,8165
HSM67VID,27680,172294,27128988,46.01,1813,2163
HSM7J4N8,47913,157506,55671871,45.89,2147,3764
HSM7J4N6,44361,171528,46771903,45.82,1558,4089
HSMA33JZ,9475,37606,6973078,44.37,854,2060
HSM7J4L9,26272,240506,44629083,45.81,7879,583
HSM7J4L5,22969,215219,36143969,43.94,12634,445
HSM7J4ON,17768,203045,34516010,45.16,12253,500
HSM7J4OT,23180,409742,22505571,48.81,1364,1379
HSM7CZ3E,55909,440316,58373503,44.9,1763,5216
HSM7J4MK,38282,308714,55559018,46.03,4651,1795
HSM7CZ3C,37253,239017,54549759,45.97,5469,1469
HSM7J4OL,49270,391574,66148895,45.51,4542,2121
HSMA33JB,56819,391574,80906453,46.94,3089,3804
HSM7J4MW,37673,392309,57965028,46.03,5346,1612
HSM7J4IC,31742,434593,58951491,45.95,12160,786
HSM7J4OZ,38421,273048,48316490,44.82,2491,2690
HSMA33JP,52700,434657,76155795,45.71,4059,2174
HSMA33JR,49327,434446,71391334,45.21,3977,2474
HSM7J4HO,31873,303202,40433976,44.54,2440,1837
HSM7J4K2,27450,237099,38466854,45.97,3728,1091
HSMA33MI,5459,7513,2580341,45.52,459,1911
HSM7J4K8,13569,65824,17863118,45.53,3609,883
HSMA33ME,13956,17948,10413037,43.26,858,2918
HSM7J4J9,32082,226985,48898384,44.88,5141,1480
HSMA33KM,51907,496344,62118741,46.35,2793,2083
HSMA33KE,81073,317315,77845211,45.23,1275,10888
HSMA33NC,61933,361226,79279711,47.14,2751,3553
HSM7J4J7,35560,226985,50659874,44.02,4096,1574
HSMA33PN,72898,211996,69576973,47.92,1409,7253
HSM7J4LP,677,3803,297019,40.3,423,249
HSMA33KU,50650,237109,61493894,46.69,4351,1927
HSM7J4JJ,44727,321839,49554462,47.72,2183,2213
HSMA33NO,24120,492972,31889315,49.76,8449,514
HSMA33OD,45807,259320,63839586,46.07,3447,2350
HSM7J4NO,39604,186897,40480253,46.36,1549,2939
HSM7J4NS,68387,289513,80901431,46.14,2264,5771
HSMA33OL,38768,186898,49025912,44.06,3105,2039
HSMA33LZ,33409,342162,57163907,45.32,8332,964
HSMA33RF,37157,119147,36583412,45.6,1528,3515
HSMA33N4,167,59256,190621,40.64,4217,5
HSMA33RD,29048,321767,35282818,46.81,2399,2163
HSMA33IS,20714,18136,14535584,48.04,800,4428
HSMA33MZ,10783,101225,11841411,45.65,2313,789
HSMA33R9,37836,135087,48490721,46.21,2590,2486
HSMA33LP,58986,465713,85583708,46.06,3929,2632
HSMA33IK,34385,308174,52653818,44.82,8703,693
HSMA33R7,38233,308174,44563914,45.21,2643,1815
HSMA33IE,13871,176056,38204537,45.3,19737,438
HSMA33RX_TR,43589,451820,62254665,46.69,4379,2141
HSMA33LH_TR,36793,537769,45275354,47.7,3817,1400
HSMA33LJ,51828,258492,56855722,46.9,1934,3970
HSMA33RR,11508,287175,12303662,48.6,1673,931
HSMA33IC,48188,527839,62503923,45.72,2951,3013
HSMA33SK,79189,474669,76326579,47.96,1376,8726
HSMA33NY,52936,479344,55588158,47.5,1669,4638
HSMA33J3,55981,479345,54251970,47.03,1333,5856
HSMA33QO,32478,253178,31637781,47.07,1509,1870
HSMA33J9,69305,479339,62986528,47.22,1207,7840
MSM5LLDQ,39410,342608,61913174,46.77,4468,2143
MSM5LLDE,22530,221994,20224515,48.29,1168,1830
MSM5LLDK,34728,256723,44579094,47.61,3100,1890
MSM5LLDI,21243,235446,37288885,45.07,6356,1126
MSM5LLDS,30929,235445,35306623,45.17,2290,2159
MSM6J2PK,52229,359852,72849670,46.22,3940,1976
MSM6J2JB,36676,383788,38155073,45.79,2566,1083
MSM6J2J3,59933,318274,64055419,47.02,1951,4219
MSM6J2JD,70178,475491,69030843,48.08,1385,6427
MSM6J2J5,64861,331889,76540922,47.03,2235,4938
MSM6J2HD,5428,240913,22345550,44.09,36951,139
MSM6J2OP,20569,269668,35318036,45.43,12397,435
MSM6J2OJ,49086,267791,51748964,44.72,2115,2343
MSM79HEA,18343,353434,33373295,44.78,34417,194
MSM6J2ON,8869,246486,26162518,43.67,27957,187
MSM6J2RA,48605,230285,51824368,47.47,2479,2495
MSM6J2KE,32336,160658,33600787,47.49,1524,2800
MSM6J2KM,32484,165132,36852413,47.91,2511,1899
MSM6J2KC,41881,242279,43207535,48.79,1707,3622
MSM6J2R2,26869,160372,34179963,48.57,2764,1490
MSM6J2QD,37656,308799,57580594,46.9,6590,1152
MSM6J2Q9,22563,273783,51377850,45.44,22732,490
MSM6J2Q3,43370,308927,51620563,44.83,2736,2109
MSM6J2IG,50701,270027,61226185,45.16,2953,2571
MSM6J2IE,34221,371175,54150118,46.75,7687,991
MSM6J2LR,43912,236243,49009958,45.77,1884,3872
MSM6J2MH,53334,303968,74404701,46.08,3681,2843
MSM79HBP,52929,140612,42095772,45.38,893,8106
MSM79HBT,32039,166886,38298206,45.07,2456,2364
MSM6J2MD,54012,288262,68901540,45.11,3140,3128
MSM6J2QH,58143,318065,79054251,46.63,2751,4110
MSM6J2QF,53125,318065,63768836,46.48,2170,3037
MSM6J2HR,52665,318065,74870426,46.15,2528,4292
MSM6J2QP,38812,396318,71089916,45.46,5093,2160
MSM6J2HN,44205,322310,63907157,45.97,3778,2474
MSM6J2SI,67968,294327,70469012,45.71,1515,6083
MSM79HEW,29623,300498,32503250,46.74,1893,2676
MSM6J2JR,58089,599020,66578804,45.77,2436,3196
MSM6J2JP,41639,463874,39284023,45.9,1357,3087
MSM6J2SE,49166,382365,74356848,46.13,7742,1549
MSM6J2RS,39950,69188,31683439,45.2,943,6482
MSM79H6H,74023,122973,78786321,45.56,1882,6783
MSM6J2K4,88620,166822,97387649,45.9,1841,8264
MSM6J2K6,87218,161548,83652498,46.81,1435,9715
MSM79H6D,123210,234456,118601245,46.76,1344,12464
MSM79H7O,76738,209550,86954972,48.4,1961,6481
MSM6J2PW,46495,288432,42796193,45.89,1287,4379
MSM6J2PS,76902,143585,92847601,45.71,2312,6201
MSM9VZNL,65616,199951,63650766,46.3,1444,6156
MSM9VZNH_TR,48255,256955,47498297,44.81,1495,4936
MSM6J2LW,99575,206763,110887604,47.02,1859,9988
MSM79HBB,66505,223171,82517188,47.23,2929,4133
MSM79HFW,81799,390114,83838804,48.11,1603,7113
MSM79H6Y,49556,87402,44721858,45.24,1280,6308
MSM6J2M3,94418,235631,112199791,46.61,2417,7271
MSM79H9A,60520,434826,64964757,48.65,2710,2275
MSM9VZFF,86583,433599,90008144,50.01,1553,7881
MSM79H58,77955,343669,69184877,47.22,1167,9586
MSM79H54,65692,510818,62467766,49.14,1314,6016
MSM9VZFH,80127,386836,78509121,48.98,1493,7461
MSM79H9Q,56008,649273,57539193,45.8,1721,5510
MSM9VZGO,74392,404028,61792979,47.12,980,10330
MSM9VZGU,56039,315010,46595508,46.45,1049,8378
MSM79H5G,73141,193939,68741265,48.72,1383,7314
MSM79H5M,103981,181815,102406361,48.27,1526,10316
MSM9VZLL,80546,589026,94956757,48.95,2163,7396
MSM79HF9,56639,176431,38756221,48.81,691,10833
MSMA26ER,33161,71153,25284034,45.13,880,5437
MSM79HAN,104406,224457,89582321,49.35,1063,15454
MSM9VZLN,89501,171155,106687834,49.43,2159,7612
MSM9VZEK,29672,280290,29654834,44.94,1389,1465
MSM9VZEQ,43685,372395,57413499,45.01,3014,2779
MSMA26AT,60414,120691,58117352,46.55,1349,7444
MSM79H98,58346,372395,77093366,47.21,3121,3385
MSM79HDK,35154,418427,54254140,47.05,5206,1482
MSM79HDC,43052,354862,46583103,46.66,1744,2491
MSM9VZF1,20083,250094,34009528,45.93,7304,671
MSM79HDI,26655,288748,40130744,43.72,4399,1367
MSM9VZF5,23489,343116,36836659,48.7,4117,1661
MSM9VZOY,36465,508081,44718767,46.1,2202,2522
MSM79H7E,50333,132107,67364562,45.38,4045,2453
MSMA26AZ,43373,216001,59611373,46.32,3057,2703
MSMA26AV,42119,193016,52559768,45.92,3497,2375
MSMA26AX,29733,150864,39999661,45.96,3667,1864
MSM79H7G,40513,349173,68094862,44.93,5812,1938
MSM79HCP,35901,715510,51678650,49.73,5817,925
MSM79H83,46129,715510,57192356,49.07,3027,1661
MSM79H85,40116,715510,53740572,47.05,5742,1045
MSM9VZHT,55799,482377,51256790,47.12,1249,8184
MSM79H8B,28153,746009,41611613,48.89,7115,1002
MSM79H8F,18241,314202,41632596,43.98,30983,286
MSM79H8L,33073,274147,54437545,46.7,5550,1256
MSM79H8D,58227,336133,78622538,46.49,4056,2519
MSM79H8N,40428,224163,46899869,46.93,2728,1690
MSM79H8H,61080,257466,60774754,47.56,1469,7091
MSM9VZI6,45325,301969,42168931,47.17,1131,5264
MSM9VZHZ,50172,170103,39282554,45.68,895,7727
MSMB4LZC,45345,199087,40643201,44.9,1117,5261
MSM9VZHX,44276,241232,55998366,45.85,2271,4158
MSM9VZMA_TR,31129,196301,52196770,45.24,3886,1868
MSM9VZFT,51028,327658,54159504,46.14,1797,4915
MSMA26BX,58367,283322,59543365,48.04,1518,5091
MSM9VZFL,44604,484063,56854036,46.62,2571,2864
MSM9VZKC,47518,314434,51038748,47.82,2847,2051
MSMA26BV,51214,192559,51500225,47.33,1465,5574
MSM9VZNZ,47456,237538,60850039,46.65,2606,2789
MSMAPC5D,59819,228032,64158339,46.75,1777,4197
MSM9VZIQ,59832,282510,65239001,48.1,1733,5378
MSMAPC55,86240,281344,81196489,46.17,1350,7416
MSM9VZNR,25287,368787,34405858,47.93,3666,943
MSMB4LZV,56461,142253,47821311,46.77,1058,7974
MSM9VZL9,80945,161509,98409325,46.11,2087,8253
MSMA26BL,70029,106975,71831829,44.9,1607,8379
MSM9VZMW,60680,179969,84519415,47.78,3284,4501
MSMAPC6K,103781,151118,111329381,45.34,1691,11598
MSM9VZPN,30980,242101,42842670,46.63,3668,1463
MSM9VZIY,21126,342207,48937486,46.68,14998,518
MSMAPC6C,29749,320160,45505481,46.06,5858,1059
MSMB4LXY,75713,425524,106215257,45.01,3788,3387
MSMB4LYB,47458,377190,64594785,46.21,5114,1840
MSMA26DM,52639,368969,68230583,47.34,2909,2212
MSMA26DO,59846,263899,62191367,47.22,1715,4232
MSMB4LXW,37409,165043,42891755,46.47,2174,2626
MSMB4LXS,29208,307816,36847407,47.68,3229,1116
MSM9VZL5,57288,326241,75120528,46.82,3159,2919
MSMA267V,99244,203974,85275953,47.73,1071,13660
MSMA267X,93171,203976,76934678,47.46,1026,14805
MSMA2684,36136,205191,48104482,47.9,3114,2601
MSMAPC64,78208,102335,60007272,46.91,872,12637
MSMAPC5Z,74885,145619,73272610,47.41,1555,6058
PSM6XBR1,56045,191436,75626677,46.88,3197,3965
PSM7J1CI,46285,307365,72354965,46.07,4036,2894
PSM6XBSU_TR,0,0,0,0.0,0,0
PSM7J13E,57609,137337,64839724,45.82,1887,5883
PSM6XBQY,14966,34759,11979911,43.74,1002,2598
PSM6XBRK,51371,365253,60905414,44.32,2186,3869
PSM6XBTP,49921,247777,66222923,44.54,3019,2766
PSM7J13Y,37569,243498,65477036,45.9,13664,757
PSM6XBTL,56970,249645,79514469,46.26,3561,2834
PSM6XBRK_TR,51795,178484,52195803,44.5,1364,4922
PSM6XBUM,54357,222887,81444041,47.26,3774,3228
PSM7J14N,34872,153386,49297402,44.53,3617,2312
PSM6XBUI,18544,17109,11799755,45.25,668,4664
PSM7J18K,35478,325887,42249952,47.59,1999,2573
PSM7J18E,40624,303485,60916340,45.9,5801,1364
PSM7J1BD,45412,416979,59597174,45.08,2520,2681
PSM7J1BB,43197,417021,61213087,43.66,4047,1745
PSM6XBVK,24540,417020,30278746,44.62,5611,465
PSM7J1BF,40741,416939,69127972,44.77,4615,2048
PSM6XBVQ,31430,378582,49636125,44.5,8886,878
PSM7J12F,12875,212577,30182071,44.14,13510,470
PSM7J193,16205,297491,34011382,44.5,24935,261
PSM7J1AO,23184,297491,38631491,44.27,14906,408
PSM7J1AM,25704,235658,40455707,43.79,9431,684
PSM7J12B,25823,235874,50751931,45.38,6182,1248
PSM6XBTT,64123,180783,74685259,48.0,2113,5741
PSM7J156,65652,184952,68198406,47.78,1635,7222
PSM7J14X,72306,150191,68537147,45.69,1314,10259
PSM6XBTR,61870,237831,69596275,46.22,1821,6256
PSM6XBTX,31979,428464,37870074,47.7,4480,943
PSM7J17L,54766,487541,80048407,45.5,4037,2620
PSM7J158,73818,189704,78169664,46.59,1748,6912
PSMA265T,58060,295814,68886588,45.87,2220,3402
PSMA265N,29363,475266,32977790,45.84,2360,1656
PSM7J17T,47503,248745,59710205,46.8,2588,2938
PSM7J19P,71323,222367,72729064,46.88,1609,6177
PSM7J173,71034,222365,68024047,45.89,1301,8618
PSM7J19T,72184,233383,63685472,46.3,1100,9576
PSM7J171,25331,199260,24120721,44.77,1430,2540
PSM7J16Y,75783,182296,75163728,47.79,1481,6079
PSMA265L,58457,286263,74436833,45.38,2847,3968
PSM7J1A6,30927,329581,33050770,50.07,1655,2363
PSMA265J,25514,286262,40216213,45.2,7215,814
PSM7J17Z,35682,286257,44013865,44.91,2847,2273
PSM7J186,15853,286257,19739087,47.39,6480,396
PSM7J12R,9609,795596,19824045,44.93,64752,61
PSMA263S,26681,467521,35105226,44.37,3059,1170
PSMA263U,25409,795596,33419722,44.29,8666,201
PSM7J1BL,4390,126015,7850037,47.07,10300,138
PSM7J1BR,11400,374184,14956797,40.02,2607,621
PSMA264K,31909,356310,56756342,48.49,5909,1319
PSM7J12V,40859,238975,50830893,45.02,3472,1712
PSM7J1BV,49769,280866,64658344,44.99,2555,3332
PSM7J1BX,31485,300036,51764279,46.34,7927,968
PSM7J1C4,54364,243783,68081105,46.28,2701,3716
PSM7J161,19377,366393,50445466,47.49,18871,586
PSM7J179,3935,135408,5219129,43.81,15278,83
PSM7J17B,3775,43745,4845690,35.36,2215,540
PSM7J177,54,1894,25643,41.5,478,17
PSMA266C,0,0,0,0.0,0,0
PSMA2653,35006,345192,50954750,45.3,4692,1148
PSM7J13I,41656,345191,61826742,46.74,5590,1625
PSMA2659,36429,419332,62290407,45.89,6242,1478
PSMA267D,33114,419439,51273621,45.4,4651,1440
PSMA267H,41052,345191,45424005,45.73,2174,1948
PSMA264W,52172,276788,58742392,45.31,1910,4365
PSMA264O,38746,255297,46257372,43.89,3121,1888
PSMA267P,36072,211308,62765435,44.39,6258,1861
PSMB4MC7,34564,209765,33504241,43.92,1609,3311
PSMA264S,31646,210050,38343341,44.36,2446,2384
PSMA266O,38560,420121,53857117,45.85,3892,2265
PSMA269O,46900,323948,60334473,48.63,3346,2330
PSMA266M,73831,321613,86890471,48.87,2031,6280
PSMA266Q,37485,323784,39905027,47.64,1727,2513
PSM7J4EF,8897,26187,6155171,42.68,814,2048
PSMA269W,43981,417164,54461550,47.8,2682,2888
PSMA269S,48826,224534,52830711,47.76,1845,4078
PSMA266Y,28845,224534,43299006,46.71,3569,2279
PSMA26A3,35058,267250,45950045,47.72,3646,1795
PSMA265X,49308,230141,51430395,47.75,1756,3037
